code,system
12322,gprdproduct
8832,gprdproduct
17119,gprdproduct
188,gprdproduct
27161,gprdproduct
29456,gprdproduct
32164,gprdproduct
34515,gprdproduct
34751,gprdproduct
34851,gprdproduct
41530,gprdproduct
46938,gprdproduct
27193,gprdproduct
33119,gprdproduct
31209,gprdproduct
32553,gprdproduct
41551,gprdproduct
49376,gprdproduct
54224,gprdproduct
56034,gprdproduct
58033,gprdproduct
763,gprdproduct
35517,gprdproduct
50241,gprdproduct
53658,gprdproduct
54608,gprdproduct
53666,gprdproduct
55845,gprdproduct
7445,gprdproduct